,Generated Text,Actual Text
0,wsj: Walt Disney joins Facebook to cut advertising spending amid hate speech boycott,Disney cuts ad spending on Facebook amid growing boycott: WSJ
1,battle over new coronavirus-aid bill begins as Republicans finish off liability protections,U.S. Republicans seek liability protections as coronavirus aid battle looms
2,"global equity benchmarks tread water on 750 billion-euro recovery fund, government bond yields edge lower",Where did all the bulls go? Rallies stall as EU summit begins
3,BlackRock's second quarter results top Wall Street estimates,BlackRock profit beats Street estimates as markets rebound
4,sen. hawley presses Twitter chief over hacker's involvement in hack,Senator asks Twitter about claim worker was paid to help with hack
5,"Mnuchin says small businesses should consider blanket forgiveness for ""Paycheck Protection Program"" loans",Treasury's Mnuchin open to blanket forgiveness for smaller business relief loans
6,this July 16 story has been refiled to fix spelling of 'whether' in paragraph 2,"In Utah, a debate stirs over Estonian radioactive waste"
7,"Thyssenkrupp seeks new ways to strengthen balance sheet after coronavirus hit, memo says",Exclusive: Thyssenkrupp to explore further options for boosting finances - memo
8,blackRock says more stimulus is critical for recovery from pandemic,Economic recovery further away than markets think: BlackRock CEO Fink
9,"over 2,000 easyJet pilots vote to say they have no confidence in Bellew",EasyJet pilots say they have no confidence in COO in union vote
10,sources: italian government plans to list Autostrade per l'Italia by early next year,Italy plans listing for Autostrade by early 2021: sources
11,"Lyft to distribute some 60,000 partition shields to most-active drivers as coronavirus protection",Lyft to provide drivers with partition shields as coronavirus protection
12,"u.s., pilots' union agree on furlough cuts and keeping pilots ready","United Airlines, pilots union reach creative deal to limit furloughs"
13,New York's Cuomo announces $750 million investment program as part of state's emissions goal,New York to invest $750 million to expand electric-vehicle infrastructure
14,"Microsoft, Apple pull lower as unemployment claims raise coronavirus fears","Wall Street ends lower on COVID-19 worries, tech weighs"
15,Hitachi to scrap seniority-based pay,"With shift toward merit-based pay, Japan's Hitachi to drop old ways"
16,the FBI launches an investigation into Twitter hacks,FBI says it is investigating hack of high-profile Twitter accounts
17,"Warner calls for Twitter to investigate hacking, put more resources into protecting feeds","U.S. Senator Warner asks for probe of hacks, better monitoring of high-risk accounts"
18,"Investors sue Deutsche Bank, CEO Sewing over alleged false statements",Investors sue Deutsche Bank and its CEO in wake of Epstein fine
19,"Twitter hackers accessed its internal systems to hijack top voices including Biden, Kim Kardashian, former U.S. president Obama",Twitter silences some top accounts after internal systems hacked
20,"American Airlines, JetBlue form strategic partnership to boost New York and Boston flights","American, JetBlue team up to boost New York flying and drive recovery"
21,"Johnson & Johnson talks with Japan, Gates Foundation about COVID-19 vaccine allocations, Wolk says","Exclusive: J&J in talks with Japan, Gates Foundation to lock in deals on COVID-19 vaccine"
22,"a relatively low use of emergency lending facilities signals markets are functioning well, Fed says",NY Fed's Williams says low take-up of emergency lending facilities a sign of success
23,U.S. Customs detention order on medical glove imports lifted by Malaysia's Top Glove,"Amid virus crisis, U.S. bars imports of Malaysia's Top Glove over labour issues"
24,Facebook's data regulator welcomes court ruling invalidating transatlantic data transfer deal,Irish regulator sees U.S. data transfers decided on 'case by case' basis
25,U.S. business inventories fall amid COVID-19 crisis; sharpest drop in second quarter since Great Depression,U.S. business inventories post record drop in May
26,"ECB to use stimulus firepower fully, Lagarde says","ECB to go all the way on stimulus even as economy recovers, Lagarde says"
27,source: Nissan plans 30% cut in global vehicle production through December,Exclusive: Nissan plans 30% cut in car output through December as virus hits demand
28,"coronavirus may have caused structural changes in Japan's economy, central bank says",BOJ looks to big data for clues on pandemic-driven economic changes
29,"German authorities continue to investigate investors who bet against Wirecard, documents say","Germany’s long, lonely campaign: Battling Wirecard’s short sellers"
30,Danone to spend 100 million euros ($114.08 million) to strengthen Specialized Nutrition business in China,Danone beefs up Specialized Nutrition business in China
31,"American Airlines sends 25,000 furlough notices to frontline workers","American Airlines sending 25,000 furlough notices as U.S. demand sags"
32,Boeing to support International Space Station operations as part of $916 million contract extension,Boeing to support NASA with ISS operations through 2024
33,"Pompeo takes fresh aim at China, says u.S. will impose visa restrictions on Huawei firms",Pompeo says U.S. to impose visa curbs on Huawei over rights
34,Virgin Galactic names Walt Disney's Colglazier as its new chief executive officer,Virgin Galactic ropes in Disney veteran as CEO
35,"Apple expands news offerings with voice-narrated stories, morning newscast hosted by journalists","Apple expands news offerings with audio, local newspaper stories"
36,"OPEC and allies ease record oil curbs from August, but second wave of coronavirus could complicate rebalancing",OPEC+ eases record oil cuts as economy recovers from pandemic
37,Beyond to sell plant-based burgers at Brazilian high-end supermarket chain,"Beyond Meat to sell plant-based patties Brazil, world's No. 3 beef consumer"
38,"BBC to cut 520 jobs in news operation, 70 more than planned layoffs due to pandemic",Britain's BBC announces further 70 job cuts in news
39,"Navistar buys minority stake in TuSimple, aims to co-develop self-driving trucks by 2024",Navistar to develop self-driving trucks with TuSimple
40,"SoftBank moves to raise licensing fees for some customers, sources say","Exclusive: Arm raises prices on chip technology for some customers, sources say"
41,hands-free driving is the most significant technology change in a generation,'Hands free': Automakers race to next level of not quite self-driving cars
42,at least five automakers offer some form of semi-automated driving in the U.S.,Factbox: Semi-automated driving systems: Not all are 'hands free'
43,EU antitrust chief vows to continue fight against multinational tax measures despite setback,EU's Vestager vows to continue tax fight after Apple setback
44,"Paycheck protection program throws critical safety net under U.S. middle and upper-middle-wage jobs, Reuters says","U.S. Paycheck Protection hit some of its mark, but missed the most vulnerable"
45,"this July 14 story corrects currency conversion, paragraph 7",Wanted: signs of V-shaped recovery in earnings reports
46,"china's mutual fund industry sees another massive jump in new products, subscriptions in June",Chinese mutual fund industry sees jump in new funds and inflows
47,China says it will take all necessary measures to safeguard its interests following Huawei purge,China says it will act to protect its interests after UK Huawei ban
48,"the Dow Jones ends more than 2% higher as investors buy energy, materials stocks","Wall Street surges, led by energy and materials"
49,"options investors ramp up bets on some of this year's biggest winners, including Amazon.com, Tesla",Virus worries and FOMO drive options bets on surging tech giants
50,Elanco decides against acquiring Bayer's Canadian distribution rights to several poultry insecticides,"Elanco to divest brands, forgo Canadian rights for Bayer's unit deal"
51,class action lawsuit alleges Google records what people are doing on hundreds of thousands of apps,Google faces lawsuit over tracking in apps even when users opted out
52,"Wells Fargo to launch cost-cutting initiative this year, executives say",Wells Fargo will cut costs further after first loss since 2008
53,Huawei among five companies bidding to build 5G core networks,Thailand's AIS says Huawei among bidders to build 5G core networks
54,"new COVID-19 cases suggest moderation in demand, easing inflation",Gasoline boosts U.S. inflation; escalating COVID-19 cases seen suppressing demand
55,"judge bans Tesla from repeating misleading ads relating to driver assistance, autonomous driving",German court bans Tesla ad statements related to autonomous driving
56,Citigroup posts 73% drop in quarterly profit as pandemic prepares for loan default surge,Trading gains shield Citi as bad loan provisions surge
57,"Flipkart to raise $1.2 billion led by Walmart, e-commerce firm says",India's Flipkart to raise $1.2 billion in Walmart-led funding
58,group of 15 U.S. states and the District of Columbia unveil electric memorandum of understanding,15 U.S. states to jointly work to advance electric heavy-duty trucks
59,"Google offers not to use Fitbit data in bid to address antitrust concerns, tech firm says",Google offers data pledge in bid to win EU okay for Fitbit buy
60,"coronavirus damage could push government borrowing to nearly half a trillion dollars, forecasters say","UK economy could shrink 14% this year, budget forecasters say"
61,Reuters poll predicts modest growth in second quarter after record contraction,"China's economy seen growing 2.5% in second quarter as lockdowns end, stimulus kicks in: Reuters poll"
62,"Singapore, Malaysia to resume essential business and official travel between their countries",Singapore and Malaysia to reopen business travel next month
63,three Chinese companies first to get regulatory approval to list on ChiNext after reform,First companies obtain regulatory approval for IPOs under new ChiNext system
64,"SoftBank exploring sale of British chip designer Arm Holdings, WSJ reports",SoftBank Group explores options for chip designer Arm Holdings: WSJ
65,"Apple tells staff a full return to U.S. offices won't happen before end of year, Bloomberg reports",Apple says full return to offices not until the end of the year: Bloomberg News
66,the federal budget deficit surges to $864 billion in June amid strong coronavirus spending,U.S. June deficit surges to $864 billion
67,Hong Kong Disneyland temporarily shuts from July 15 amid coronavirus cases,Disney to shut Hong Kong Disneyland again as coronavirus cases rise
68,uk to ban Huawei from 5G network in landmark decision that will anger Beijing but win plaudits from Trump,"Britain set to ban Huawei from 5G, though timescale unclear"
69,PepsiCo beats analysts' estimates for quarterly revenue and profit as people stock up on snacks,PepsiCo's results beat as lockdowns boost snack sales
70,ECB breaks from crisis-fighting mode for first time in months,"Pause, reflect: Five questions for the ECB"
71,"court-supervised auction for McClatchy succeeds, news company says",Hedge fund Chatham's bid wins auction for Miami Herald publisher McClatchy
72,house speaker says she believes U.S. lawmakers can find a compromise on jobless benefits,"U.S. Congress needs compromise to extend COVID-19 unemployment payments, Pelosi says"
73,Ubisoft announces several staff departures after misconduct review,Ubisoft announces staff departures after misconduct allegations
74,Sunak preparing to introduce tax cuts in up to 10 new 'freeports' within year of independence,"UK plans to create 'freeports,' cut taxes: Sunday Telegraph"
75,sources: India's government seeks injunction to block Chinese apps from obtaining injunction,Exclusive: India asks court to stymie potential challenge to Chinese app ban
76,Goya Foods targeted by social media boycott after CEO praises Trump at White House,Goya chief executive sparks backlash over praise for Trump
77,investors will watch next week's BlackRock earnings for a snapshot of global financial markets,Wall Street Week Ahead: Investors await BlackRock earnings after blistering second quarter market rally
78,government expected to set 2025 deadline for Huawei removal from 5G networks,UK expected to order removal of Huawei 5G equipment by 2025: Telegraph
79,"Credit Suisse settles shareholder lawsuit accusing it of defrauding shareholders, court filings show","Credit Suisse settles U.S. shareholder lawsuit over debt writedowns, disclosures"
80,Kudlow says further coronavirus relief should focus on those who no longer have jobs,Trump adviser says next coronavirus relief bill to be more focused
81,Boeing scrambling to shore up financing for 737 MAX as it awaits regulatory approval,Boeing in scramble to shore up 737 MAX financing
82,"Foxconn plans to invest up to $1 billion to expand factory in India where Apple assembles iPhones, sources say","Exclusive: Apple supplier Foxconn to invest $1 billion in India, sources say"
83,"750 billion-euro post-COVID-19 recovery fund on July 17-18, European leaders meet to hammer out details",Take Five: A bull with underlying health conditions
84,"Google may be able to stave off full-scale EU antitrust probe by not using Fitbit data, sources say",Exclusive: Google can ward off EU antitrust probe into Fitbit deal with data pledge
85,IMF urges governments to shift to 'equity-like' support as coronavirus hits companies,IMF urges 'equity-like' government support for virus-hit firms
86,"aviation industry sinks further into the red, losing $4.89 billion in second quarter",China's aviation industry suffers $4.9 billion loss in second quarter on coronavirus jolt
87,"Ford says new staffing restrictions imposed on Chihuahua plants are ""not sustainable"" latest sign U.S. automakers still reeling from coronavirus lockdown",Ford says restrictions at Mexico plants 'not sustainable'
88,the S&P 500 and Dow drop as investors worry about another round of business shutdowns,"Dow, S&P 500 fall on fears over virus resurgence but Nasdaq ends at record high"
89,Mexico's Chihuahua state restricting workers at vital parts factories 'not sustainable' but will not impact production in U.S. plants,"Ford says restrictions at Mexico plants producing auto parts ""not sustainable"""
90,Amazon.com to create $100 million in stock awards to retain Zoox employees,Exclusive: Amazon plans at least $100 million to keep Zoox talent after $1.3 billion deal
91,"lawyer says Deloitte should be fined $19 million for ""serious and serial failings"" in Autonomy audit",UK watchdog seeks record fine for Deloitte audit of Autonomy
92,U.S. companies open books on biggest earnings fall since financial crisis,"'Disaster' U.S. earnings loom, but investors try and look beyond"
93,"LATAM secures $1.3 billion for financing, adds Brazil to restructuring process","LATAM Airlines adds $1.3 billion to bankruptcy financing proposal, Brazil unit seeks protection"
94,European stocks close sharply lower as record surge in coronavirus cases raises fears of lockdowns,European stocks slide as Wall Street hit by virus surge
95,record 32.9 million people collecting unemployment checks in third week of June,Weekly jobless claims near four-month low; millions drawing unemployment benefits
96,Bloomberg Law: Wells Fargo preparing to cut thousands of jobs later this year,Wells Fargo preparing to cut thousands of jobs: Bloomberg Law
97,government backs Airbus job cuts as workers march from headquarters to Toulouse airport,France urges no sackings at Airbus as workers march over jobs
98,"Vodafone, BT warn of damage to Britain's COVID rebound if Huawei removed from networks","Speedy removal of Huawei would cost UK, operators: Vodafone and BT"
99,Brazil's Gol Linhas Aereas expects to lose 3.20 reais per share in second quarter,Brazilian airline Gol says expects to lose 3.20 reais per share in the second quarter
100,"health and beauty retailer Boots to cut 4,000 jobs, close 48 optician stores","British retailer Boots to cut 4,000 jobs"
101,"Tesla ""very close"" to level 5 autonomous driving technology, Musk says","Tesla'very close' to level 5 autonomous driving technology, Musk says"
102,"Aston Martin's first sport utility vehicle rolled off production line, key to turnaround hopes",Aston Martin's first SUV rolls off production line
103,Euro zone bond yields hold on as investors focus on eu recovery fund,Bond investors wait for more headlines on EU recovery fund
104,"Sunak warns of possible changes in interest rates, likely to be included in budget rules",UK's Sunak: we must watch interest rates and debt costs
105,tech stocks hit record closing high as early signs of recovery offset lockdowns,Nasdaq ends at record high as Wall Street rises with tech shares
106,"United Airlines prepares to send furlough notices to 36,000 frontline workers","United Airlines sending 'gut punch' furlough warnings to 36,000 workers"
107,Air Canada assesses using Spartan's COVID-19 technology in aviation sector,Air Canada assesses Spartan Bioscience's COVID-19 testing technology
108,"the Trump administration will take steps to ensure Chinese government doesn't gain access to American data, Pompeo says","U.S. will act to deny China access to Americans' data, says Pompeo"
109,"Volkswagen's SEAT plans 5 billion euros in new R&D, equipment and electric cars in 2020-2025",VW's SEAT plans five billion euros in investments in 2020-2025
110,pandemic aid program touted as a 'wild success' by Trump administration,Trump administration says pandemic aid saved 51 million jobs. Did it?
111,'empty chair' protests against job cuts in Germany and France,Airbus workers stage rare protest over job cuts
112,"Tesla has a moment in South Korea, especially among tech-savvy professionals","Cars, a cocktail and a celebrity: South Koreans succumb to Tesla fever"
113,"Ant plans a Hong Kong float as soon as this year, sources say","Exclusive: Alibaba's Ant plans Hong Kong IPO, targets valuation over $200 billion, sources say"
114,Fiat Chrysler's market share in South America stands at 15.9% in second quarter,Fiat Chrysler says South American market share 15.9% in second quarter
115,independent review of Boohoo's supply chain commissioned after damaging media report,Boohoo reviews British supply chain after factory report fallout
116,EU court to rule next week in Apple and Ireland's appeal against 16 billion euros tax ruling,Ruling in EU Apple tax case due next Wednesday: Ireland
117,"sanctions have had no immediate impact on Huawei's ability to supply 5G equipment, senior company says",Huawei says U.S. sanctions have no immediate impact on UK 5G supplies
118,"fTC, justice department looking into allegations that TikTok failed to live up to privacy agreement",Exclusive: U.S. probing allegations TikTok violated children's privacy - sources
119,"Tesla sells 14,954 Shanghai-made Model 3 vehicles in June, up 35% month-on-month","Tesla China sold 14,954 Model 3 vehicles in June, up 35% on the month"
120,"analysts cut forward 12-month earnings estimates in June, citing coronavirus fallout",Analysts cut earnings estimate for Asian companies for fifth straight month
121,"commercial insurers see steep rise in premiums from coronavirus claims, new businesses. rising demand for capital, new lines lures companies and veterans to raise capital","As insurers face hefty pandemic losses, newcomers see chance to step in"
122,Huawei warns Brazil could suffer years of delay in deploying 5G network,Huawei says U.S. pressure on Brazil threatens long delays in 5G rollout
123,"restaurants, hotels short of small-business employment, according to Paycheck Protection Program details","PPP loans roughly in line with industry payrolls, but some stand out"
124,Wirecard administrator says more than 100 investors have expressed interest in buying company's core business,Wirecard administrator sees strong interest from potential buyers
125,ecb's Schnabel says pandemic may be milder than previously feared,"Europe's recession may be milder than feared, ECB's Schnabel says"
126,Italian government approves red tape cut measures to curb growth in euro zone's third-largest economy,Italian cabinet approves'mother of all reforms' to slash red tape
127,bostic warns recovery could stall due to spike in coronavirus cases,Fed's Bostic says U.S. recovery may be 'levelling off': FT interview
128,"tens of millions earmarked by lawmakers to help small businesses in economic downturn go to investment banks, official data says",Investment banks got aid intended for U.S. small businesses
129,Dakota Access seeks to stay a U.S. District Court ruling to shut down pipeline,Dakota Access files motion to stay court ruling to shut oil pipeline in 30 days
130,"ayn Rand's ""laissez-faire capitalism"" institute approved for $1 million paycheck protection program loan","In sign of the times, Ayn Rand Institute approved for PPP loan"
131,"prices for gasoline and diesel in the U.S. Midwest could rise due to North Dakota pipeline closure, market participants say",U.S. Midwest products prices due to rise from Dakota Access pipeline shutdown
132,GAM's Rainsford leaves amid a management revamp,GAM sales chief Rainsford exits in management revamp
133,Tesla pokes fun at naysayers with red satin shorts,Tesla mocks shortsellers with sale of red satin shorts
134,"services industry rebounded in June, but coronavirus cases threaten recovery",U.S. service sector rebounds strongly in June
135,"Canadian dollar holds near 13-day high as stocks rally, Bank of Canada survey looms",C$ steadies near a two-week high ahead of BoC business survey
136,"re-openings, unsold stock cut fall orders by as much as two-thirds",Patchy demand at stores spells more pain for garment suppliers
137,Ford Motor's China ventures report year-on-year sales growth for June,Ford's China ventures extend auto sales recovery in June
138,"world stocks will tread water for a year, Citi strategists say","Citi expects stocks to go sideways for a year, suggests defensives"
139,"around one fifth of German companies believe survival is threatened by coronavirus, says Ifo institute",One fifth of German firms fear for their survival amid pandemic: Ifo
140,Fujitsu to halve office space amid coronavirus pandemic,Fujitsu to halve office space in three years citing 'new normal'
141,"Uber agrees to buy Postmates in $2.65 billion deal, Bloomberg News reports","Uber, Postmates agree on $2.65 billion all-stock deal: Bloomberg News"
142,Commerzbank's chief executive bows to Cerberus' demands for a change in strategy,Commerzbank chairman and CEO bow out to give lender a fresh start
143,"Air France confirms plans to cut some 7,500 jobs, including 1,000 at HOP!","Air France and sister airline to cut 7,580 jobs"
144,"Air France to cut just over 7,500 jobs following coronavirus collapse, says carrier","Air France and HOP! airlines to cut 7,580 jobs"
145,Canada's biggest lenders join Facebook boycott by civil rights groups,Canada's biggest banks join boycott of Facebook platforms
146,a former Nissan boss tells court that Ghosn talked about Hollywood making a movie of his escape,Turkish suspect tells court Ghosn mused on Hollywood movie of escape from Japan
147,Daimler to seek to sell Hambach factory as part of production overhaul,Daimler seeks to sell French factory in production overhaul
148,"world shares stalled near four-month high, copper scuffed weekly winning streak",Global Markets: COVID recovery vs COVID reality
149,"Deutsche Bank looking for opportunities in payments system, bank's strategy director says","Deutsche Bank eyes payment systems, including Wirecard: Handelsblatt"
150,HSBC to make new investments in wealth management and insurance operations in mainland China,HSBC to invest further in China amid political strife over Hong Kong law
151,"Japan asks U.S. to extradite former Green Beret, son accused of helping former Nissan boss flee country",Japan asks U.S. to extradite men accused of helping ex-Nissan boss Ghosn flee
152,delta amends $2.65 billion credit facility agreement with covenants,Delta amends credit facility to include stricter covenants
153,"oil futures gain more than 2% on unemployment, drawdown in crude inventories",Oil up more than 2% on U.S. jobs data but virus fears cap gains
154,investors dialing back expectations of Fed's yield curve control move; some welcome skepticism,Investors rethink yield curve control horizon as Fed raises doubts
155,"Embraer negotiating buyouts, signaling likely workforce cuts due to pandemic",Brazil's Embraer negotiates worker buyouts as rivals downsize
156,French unions urge Airbus to step back from Big Bang restructuring,Unions urge Airbus to slow down restructuring plans
157,"Boeing pulls the plug on its 747 jumbo jet, Bloomberg News reports",Boeing to pull the plug on its 747 jumbo jet: Bloomberg News
158,"accountancy watchdog denies blame for Wirecard failings, latest in string of agencies to shirk responsibility",Who's to blame for Wirecard? Germany passes the buck
159,EU regulators looking at whether Google's Fitbit purchase will boost online dominance,EU regulators checking if Fitbit deal will boost Google's clout
160,european shares close at one-week high as vaccine hopes overshadow coronavirus fears,"Cyclical rally, U.S. jobs data drive European stocks to one-week high"
161,court rules that BlackRock is not exempt from paying VAT on outside fund management services,EU court rules against BlackRock tax break claim
162,"U.S. companies cut dividends less than anticipated, potentially boosting stock market rally",Wall Street Week Ahead: Clouds may be parting for dividend investors
163,Unilever to rebrand its skin-lightening cream 'Fair & Lovely' to 'Glow & Lovely',Unilever's India unit to rebrand 'Fair & Lovely' cream to 'Glow & Lovely'
164,"Novartis agrees to pay more than $729 million to settle kickback charges, justice department says",Novartis pays $729 million to settle U.S. kickback charges
165,"sales at Prada growing at double-digit rates in Asia, Bertelli says","Italy's Prada sales in Asia up double-digit, trend will continue: CEO"
166,sources: additional scrutiny of China imports disrupts Foxconn plants in southern India,"Apple supplier Foxconn, others hit as India holds up imports from China: sources"
167,federal police file criminal complaint against Mumbai's GVK and others for alleged airport fraud,"Indian police allege fraud by GVK chairman, others at Mumbai airport"
168,"faa and Boeing complete certification tests on 737 MAX, key milestone toward return to service","U.S. regulator, Boeing complete 737 MAX certification test flights"
169,"PG&E emerges from bankruptcy, ending long-drawn restructuring",PG&E emerges from Chapter 11 bankruptcy
170,reviving Great Recession promise to keep rates low in bid to deliver faster recovery,Fed revisits idea of pledging to keep interest rates low
171,"Mercedes Benz resumes second shift at Sao Bernardo do Campo, suburb of Sao Paulo",Mercedes Benz to resume second shift in Brazilian factory as sales slowly recover
172,"stocks rise on manufacturing recovery, vaccine bets, dollar pushes lower","Manufacturing, vaccine data power stocks higher; U.S. dollar dips"
173,"oil prices rise more than 1% on drawdown in U.S. crude inventories, coronavirus surge","Oil rises over 1% on U.S. crude stockpile draw, manufacturing activity"
174,Uber extends indefinitely mask requirement for drivers and riders on its platform,"Uber extends mask requirement for drivers, riders, launches new campaign"
175,Macy's reports a staggering $3.58 billion quarterly loss as coronavirus-related store shutdowns result in $3 billion impairment charge,"Macy's posts nearly $4 billion in losses, doesn't expect another shutdown"
176,"United adds nearly 25,000 domestic and international flights in August, tripling June numbers","United Airlines to triple flights in August, but watching COVID-19 spikes"
177,"global manufacturing slump shows signs of easing in June as rebound in China, U.S. sees hope for recovery",Manufacturing slump eases as world emerges from pandemic
178,Turkish Competition Board launches investigation into German carmakers to determine competition law,"Turkish competition board launches probe into Audi, Porsche, VW, Mercedes-Benz and BMW"
179,Luckin coffee winding up internal probe on fake annual sales as it votes on removal of Lu,Luckin Coffee winds up internal probe ahead of vote on chairman removal
180,luxury British department store plans to cut up to 672 jobs due to coronavirus crisis,Luxury British department store Harrods to cut nearly 700 jobs
181,a new report into Boeing's decision to certify the Boeing 737 MAX may help reform advocates,Boeing 737 MAX report may boost effort to reform U.S. airplane certification
182,"59 banned Chinese-origin apps have been blocked by India, notices say","India asks telcos, internet firms to block banned Chinese apps, ByteDance to hold talks"
183,"Allianz ends Wirecard bank relationship, removes mobile payment app",Allianz to end Wirecard cooperation amid accounting scandal
184,british parliament's foreign affairs committee says West should not do business with Huawei,Senior UK lawmaker says: West should not do business with Huawei
185,Virgin Money to restart redundancy and branch closure programme paused due to coronavirus crisis,Virgin Money restarts job cuts and branch closures after coronavirus pause
186,"watchdog will not open formal inquiry into how banks charge for overdrafts, but full evaluation of pricing next year",Watchdog puts British banks on notice but no overdraft inquiry
187,"Boeing failed to submit FAA certification documents on key flight control system, report says",Exclusive: Boeing kept FAA in the dark on key 737 MAX design changes - U.S. IG report
188,confidence sinks to levels not seen since 2009 global financial crisis,Pandemic sinks Japan business mood to lowest since 2009 crisis
189,"european stocks slip on strong quarter, while UK takes hit from worse-than-expected GDP reading",European shares edge lower at the end of strong quarter
190,"Citroen's latest C4 model to go on sale in fourth quarter of this year, head of PSA says",Citroen to start selling latest C4 model in fourth quarter
191,China says India's ban on 59 Chinese-origin mobile apps breaches WTO rules,China says India's ban on Chinese apps may violate WTO rules
192,"Air France wants to cut more than 7,500 job positions between now and 2022, reports union sources","Air France aims to cut more than 7,500 jobs between now and 2022: BFM TV/AFP"
193,"more joined up rules may be needed after Wirecard collapse, BIS says","New rules may be needed for payments in wake of Wirecard, BIS boss says"
194,"Standard Life Aberdeen to step down after five years at the helm, replaces Skeoch",Standard Life Aberdeen picks ex-Citi executive as CEO
195,"environmental groups urge mining companies to buy private insurance for tailings dams, board held legally responsible for disasters",Environmental groups propose tailings dam safety standards
196,"social media site Reddit shuts down r/The_Donald, popular forum for Trump fans",Reddit bans 'The_Donald' forum amid broad social media crackdown
197,"unions representing 60,000 hospitality workers sue casinos over unsafe working conditions","Unions sue three Nevada casino properties, claiming dangerous working conditions"
198,"'extraordinarily uncertain' outlook for world's biggest economy depends on coronavirus, government efforts","Fed's Powell stresses uncertainty, challenges facing U.S. economy"
199,a long list of companies pull Facebook ads in support of hate speech campaign,Factbox: More companies join Facebook ad boycott bandwagon
